{
  "timestamp": "2026-01-09T00:23:39.295Z",
  "config": {
    "runs": 5,
    "cpuThrottle": 4,
    "tableSize": "100×20",
    "cellCount": 2000
  },
  "baseline": {
    "label": "Baseline",
    "loadTime": 1198.6,
    "styleRecalc": 90.0766,
    "layoutDuration": 147.47060000000002,
    "taskDuration": 789.8500000000001,
    "firstPaint": 154.4,
    "firstContentfulPaint": 154.4,
    "jsHeapUsed": 4.5207763671875,
    "jsHeapTotal": 6.6,
    "htmlSize": 262.70703125,
    "cssSize": 13.8828125
  },
  "optimized": {
    "label": "Optimized",
    "loadTime": 1126.2,
    "styleRecalc": 92.80879999999999,
    "layoutDuration": 149.40720000000002,
    "taskDuration": 785.5044,
    "firstPaint": 115.2,
    "firstContentfulPaint": 143.2,
    "jsHeapUsed": 4.5293731689453125,
    "jsHeapTotal": 6.7,
    "htmlSize": 89.69921875,
    "cssSize": 16.83984375
  }
}