{
  "timestamp": "2026-01-09T02:12:35.306Z",
  "config": {
    "runsPerTest": 5,
    "cpuThrottle": 4
  },
  "sections": [
    "nav",
    "hero",
    "stats",
    "features",
    "products",
    "testimonials",
    "pricing",
    "faq",
    "cta",
    "footer"
  ],
  "baseline": {
    "loadTime": 591.8,
    "styleRecalc": 89.10440000000001,
    "layoutDuration": 261.4202,
    "taskDuration": 578.9947999999999,
    "firstPaint": 136.8,
    "firstContentfulPaint": 136.8,
    "jsHeapUsed": 1.1943496704101562,
    "htmlSize": 36.7177734375,
    "cssSize": 30.3583984375
  },
  "optimized": {
    "loadTime": 601.6,
    "styleRecalc": 64.0306,
    "layoutDuration": 189.54699999999997,
    "taskDuration": 381.9848,
    "firstPaint": 126.4,
    "firstContentfulPaint": 126.4,
    "jsHeapUsed": 1.1943496704101562,
    "htmlSize": 23.6943359375,
    "cssSize": 38.1669921875
  }
}