{
  "timestamp": "2026-01-09T01:35:35.268Z",
  "config": {
    "cards": 100,
    "cardTypes": 10,
    "runsPerTest": 5,
    "cpuThrottle": 4
  },
  "baseline": {
    "loadTime": 1190.2,
    "styleRecalc": 539.6272,
    "layoutDuration": 2626.884,
    "taskDuration": 6636.171399999999,
    "firstPaint": 827.2,
    "firstContentfulPaint": 827.2,
    "jsHeapUsed": 1.6516998291015625,
    "htmlSize": 90.6298828125,
    "cssSize": 26.0810546875
  },
  "optimized": {
    "loadTime": 815.2,
    "styleRecalc": 499.6254,
    "layoutDuration": 2301.4746,
    "taskDuration": 5729.39,
    "firstPaint": 884,
    "firstContentfulPaint": 884,
    "jsHeapUsed": 1.6516998291015625,
    "htmlSize": 48.984375,
    "cssSize": 42.4140625
  }
}